{"_wandb":{"runtime":126},"Loss":{"BRM":8074.28173828125,"LSTD":7988.74755859375},"_timestamp":1.7371471683033023e+09,"_runtime":120.4872601,"_step":12}