{"_step":599,"_wandb":{"runtime":554},"Episode":599,"Loss/LSTD":8172.8974609375,"_timestamp":1.7371488945085232e+09,"_runtime":542.1936709}