{"loss":0.15405076866809767,"_timestamp":1.7369775320710967e+09,"_runtime":1.0886045,"_step":7,"_wandb":{"runtime":1},"acc":0.7776861382831401}