{"_timestamp":1.737170695221298e+09,"_runtime":140.8938155,"_step":32,"_wandb":{"runtime":144},"Episode":32,"Loss/BRM":2373.35693359375,"Loss/LSTD":2339.8544921875}