{"_timestamp":1.7371465567284544e+09,"_runtime":353.2984918,"_step":34,"_wandb":{"runtime":360},"loss/BRM":7118.1484375,"loss/LSTD":7908.08984375,"episode":34}