{"_runtime":2252.4797809,"_step":251,"_wandb":{"runtime":2258},"loss":4455.52197265625,"_timestamp":1.737146103872145e+09}