{"_timestamp":1.7369790506917772e+09,"_runtime":1179.8794456,"_step":99,"_wandb":{"runtime":1180},"loss":3.524841785430908}