{"_runtime":5750.9999157,"_step":599,"Episode":599,"Loss/BRM":49.91744613647461,"Loss/LSTD":11.495625495910645,"_wandb":{"runtime":6070},"_timestamp":1.737159956005872e+09}