{"Episode":349,"Loss/BRM":232.9642791748047,"_wandb":{"runtime":3665},"Loss/LSTD":42.62406539916992,"_timestamp":1.7371535475106392e+09,"_runtime":3661.1058091,"_step":349}