{"loss":86.26095581054688,"_timestamp":1.7369870607710216e+09,"_runtime":7016.2072997,"_step":599,"_wandb":{"runtime":7016}}