{"_timestamp":1.7371498775467596e+09,"_runtime":63.7835531,"_step":6,"_wandb":{"runtime":64},"Episode":6,"Loss/LSTD":2301.490966796875}