{"_timestamp":1.7371483031862662e+09,"_runtime":998.7051129,"_step":100,"_wandb":{"runtime":1004},"Episode":100,"Loss/BRM":5665.02978515625,"Loss/LSTD":7724.875}