{"_step":599,"_wandb":{"runtime":636},"loss":138.6549072265625,"_timestamp":1.737149171658849e+09,"_runtime":636.440522}