{"LSTD":7924.7421875,"step":27,"_timestamp":1.7371468632934847e+09,"_runtime":270.3204543,"_step":27,"BRM":6657.51416015625,"_wandb":{"runtime":278}}