{"Loss/LSTD":136.40782165527344,"_timestamp":1.7371493984610677e+09,"_runtime":40.6795345,"_step":34,"_wandb":{"runtime":41},"Episode":34}