{"_step":4,"Loss/BRM":8572.9287109375,"_wandb":{"runtime":55},"Loss/LSTD":8011.49560546875,"_timestamp":1.7371472958613062e+09,"_runtime":53.9007}