{"_wandb":{"runtime":568},"loss":27.02957534790039,"_timestamp":1.737069974612079e+09,"_runtime":568.5346304,"_step":599}