{"_wandb":{"runtime":5},"loss/BRM":8419.6865234375,"loss/LSTD":8153.80126953125,"episode":0,"_timestamp":1.7371461879982083e+09,"_runtime":4.4568661,"_step":0}