{"_wandb":{"runtime":2398},"Episode":599,"Loss/BRM":222.9209747314453,"Loss/LSTD":32357.267578125,"_timestamp":1.7371685939585793e+09,"_runtime":2331.4649141,"_step":599}