{"_wandb":{"runtime":121},"Loss":8125.5205078125,"_timestamp":1.7371470281853325e+09,"_runtime":117.1386996,"_step":12}