{"_timestamp":1.7369776483245175e+09,"_runtime":0.4780456,"_step":7,"_wandb":{"runtime":0},"acc":0.9098655267570737,"loss":0.1404663886129864}