{"_runtime":602.9223647,"_step":5999,"_wandb":{"runtime":602},"Episode":5999,"Loss/LSTD":7355.18408203125,"_timestamp":1.7386243226922507e+09}