{"_runtime":5195.3262836,"_step":599,"Episode":599,"Loss/BRM":2064.93310546875,"_wandb":{"runtime":5357},"Loss/LSTD":570.7423095703125,"_timestamp":1.7378368301561365e+09}