{"_timestamp":1.7371741230492513e+09,"_runtime":2924.7261699,"_step":599,"Episode":599,"_wandb":{"runtime":2924},"Loss/BRM":889.5986328125,"Loss/LSTD":2221.122802734375}